Metropolitan Statistical Areas,Per capita personal income 2018,Per capita personal income 2019,Per capita personal income 2020,Per capita personal income Rank in United States 2020,Percent change 2019,Percent change 2020,Rank in United States Percent change from preceding period 2020
"Abilene, TX","44,039","46,493","49,948",202,5.6,7.4,126
"Akron, OH","49,770","51,714","54,843",123,3.9,6.1,229
"Albany, GA","36,889","38,764","42,744",343,5.1,10.3,28
"Albany-Lebanon, OR","42,811","43,971","48,040",242,2.7,9.3,42
"Albany-Schenectady-Troy, NY","57,743","60,500","65,112",34,4.8,7.6,113
"Albuquerque, NM","42,129","43,975","47,442",257,4.4,7.9,100
"Alexandria, LA","42,744","44,475","47,961",245,4.0,7.8,105
"Allentown-Bethlehem-Easton, PA-NJ","53,518","55,363","59,193",72,3.4,6.9,162
"Altoona, PA","46,236","47,573","52,096",159,2.9,9.5,39
"Amarillo, TX","46,895","49,008","51,116",179,4.5,4.3,336
"Ames, IA","43,564","45,160","47,233",261,3.7,4.6,322
"Anchorage, AK","61,584","63,208","64,904",36,2.6,2.7,367
"Ann Arbor, MI","58,667","61,101","63,655",40,4.1,4.2,341
"Anniston-Oxford, AL","36,482","37,708","40,195",370,3.4,6.6,192
"Appleton, WI","50,951","52,743","54,988",122,3.5,4.3,338
"Asheville, NC","45,540","47,559","49,809",208,4.4,4.7,313
"Athens-Clarke County, GA","40,371","42,391","44,364",318,5.0,4.7,319
"Atlanta-Sandy Springs-Alpharetta, GA","53,354","55,668","58,773",74,4.3,5.6,270
"Atlantic City-Hammonton, NJ","48,110","51,247","55,802",107,6.5,8.9,52
"Auburn-Opelika, AL","38,184","40,439","42,468",345,5.9,5.0,300
"Augusta-Richmond County, GA-SC","41,738","43,512","46,594",274,4.3,7.1,149
"Austin-Round Rock-Georgetown, TX","60,764","62,460","64,913",35,2.8,3.9,346
"Bakersfield, CA","38,079","39,559","44,721",309,3.9,13.0,9
"Baltimore-Columbia-Towson, MD","60,766","62,702","66,695",30,3.2,6.4,212
"Bangor, ME","41,554","43,083","47,315",258,3.7,9.8,33
"Barnstable Town, MA","71,735","75,339","80,420",10,5.0,6.7,178
"Baton Rouge, LA","48,500","49,994","52,978",143,3.1,6.0,235
"Battle Creek, MI","39,189","40,428","44,729",308,3.2,10.6,26
"Bay City, MI","42,286","43,554","47,786",249,3.0,9.7,35
"Beaumont-Port Arthur, TX","44,232","45,115","47,281",259,2.0,4.8,310
"Beckley, WV","39,240","41,026","42,914",340,4.6,4.6,321
"Bellingham, WA","47,898","49,868","52,787",145,4.1,5.9,246
"Bend, OR","55,473","57,493","61,216",56,3.6,6.5,201
"Billings, MT","52,457","54,197","56,649",97,3.3,4.5,328
"Binghamton, NY","43,754","45,505","49,652",210,4.0,9.1,45
"Birmingham-Hoover, AL","51,377","53,185","55,074",119,3.5,3.6,356
"Bismarck, ND","57,640","59,371","61,404",55,3.0,3.4,361
"Blacksburg-Christiansburg, VA","37,683","38,220","40,692",368,1.4,6.5,203
"Bloomington, IL","49,302","49,760","54,639",127,0.9,9.8,34
"Bloomington, IN","41,899","43,712","46,502",276,4.3,6.4,211
"Bloomsburg-Berwick, PA","45,463","46,776","50,771",185,2.9,8.5,65
"Boise City, ID","46,237","47,674","50,474",192,3.1,5.9,242
"Boston-Cambridge-Newton, MA-NH","77,752","80,965","85,724",6,4.1,5.9,241
"Boulder, CO","72,607","77,305","79,649",12,6.5,3.0,363
"Bowling Green, KY","36,082","37,074","39,734",376,2.7,7.2,141
"Bremerton-Silverdale-Port Orchard, WA","54,597","57,197","60,704",64,4.8,6.1,224
"Bridgeport-Stamford-Norwalk, CT","116,757","118,515","120,244",3,1.5,1.5,379
"Brownsville-Harlingen, TX","28,978","30,187","33,690",383,4.2,11.6,16
"Brunswick, GA","41,595","42,593","45,251",300,2.4,6.2,219
"Buffalo-Cheektowaga, NY","49,344","51,296","55,777",108,4.0,8.7,55
"Burlington, NC","39,742","41,256","43,973",326,3.8,6.6,194
"Burlington-South Burlington, VT","56,799","58,650","61,802",51,3.3,5.4,282
"California-Lexington Park, MD","56,372","57,891","61,144",59,2.7,5.6,264
"Canton-Massillon, OH","44,544","46,019","49,255",217,3.3,7.0,154
"Cape Coral-Fort Myers, FL","52,022","52,832","54,707",125,1.6,3.5,357
"Cape Girardeau, MO-IL","42,816","43,506","45,802",287,1.6,5.3,285
"Carbondale-Marion, IL","40,124","41,233","44,335",320,2.8,7.5,119
"Carson City, NV","50,378","52,880","56,510",98,5.0,6.9,169
"Casper, WY","71,185","70,054","68,447",22,-1.6,-2.3,382
"Cedar Rapids, IA","52,032","52,898","55,971",104,1.7,5.8,250
"Chambersburg-Waynesboro, PA","46,435","48,014","51,979",162,3.4,8.3,80
"Champaign-Urbana, IL","44,971","46,203","49,967",201,2.7,8.1,86
"Charleston, WV","44,328","45,527","48,623",230,2.7,6.8,175
"Charleston-North Charleston, SC","50,814","53,279","55,321",113,4.9,3.8,349
"Charlotte-Concord-Gastonia, NC-SC","52,232","54,086","56,682",96,3.5,4.8,311
"Charlottesville, VA","66,576","67,809","69,853",18,1.9,3.0,364
"Chattanooga, TN-GA","45,935","47,104","49,865",205,2.5,5.9,243
"Cheyenne, WY","52,224","53,532","55,094",118,2.5,2.9,365
"Chicago-Naperville-Elgin, IL-IN-WI","61,970","64,079","67,671",25,3.4,5.6,265
"Chico, CA","42,441","45,175","50,279",195,6.4,11.3,18
"Cincinnati, OH-KY-IN","54,109","56,402","59,607",71,4.2,5.7,258
"Clarksville, TN-KY","40,928","42,209","44,908",305,3.1,6.4,210
"Cleveland, TN","38,418","39,505","41,756",355,2.8,5.7,257
"Cleveland-Elyria, OH","53,881","55,294","58,846",73,2.6,6.4,205
"Coeur d'Alene, ID","45,311","46,762","48,953",222,3.2,4.7,316
"College Station-Bryan, TX","41,146","41,965","44,037",323,2.0,4.9,305
"Colorado Springs, CO","48,562","50,862","54,166",132,4.7,6.5,198
"Columbia, MO","45,575","47,977","50,421",193,5.3,5.1,295
"Columbia, SC","44,739","46,273","48,971",220,3.4,5.8,248
"Columbus, GA-AL","40,276","41,806","44,760",307,3.8,7.1,151
"Columbus, IN","51,441","53,268","55,804",106,3.6,4.8,312
"Columbus, OH","51,196","52,522","56,252",100,2.6,7.1,147
"Corpus Christi, TX","43,618","46,336","48,060",241,6.2,3.7,350
"Corvallis, OR","45,846","47,920","50,399",194,4.5,5.2,289
"Crestview-Fort Walton Beach-Destin, FL","52,807","55,156","58,663",77,4.4,6.4,213
"Cumberland, MD-WV","39,817","41,166","44,308",321,3.4,7.6,112
"Dallas-Fort Worth-Arlington, TX","57,562","59,409","61,554",53,3.2,3.6,354
"Dalton, GA","36,697","37,995","40,781",367,3.5,7.3,132
"Danville, IL","38,433","39,696","44,533",311,3.3,12.2,14
"Daphne-Fairhope-Foley, AL","46,905","48,270","50,953",181,2.9,5.6,272
"Davenport-Moline-Rock Island, IA-IL","48,660","49,614","53,620",135,2.0,8.1,90
"Dayton-Kettering, OH","47,682","48,990","52,367",155,2.7,6.9,165
"Decatur, AL","38,608","40,499","43,264",335,4.9,6.8,172
"Decatur, IL","47,662","48,151","52,196",158,1.0,8.4,70
"Deltona-Daytona Beach-Ormond Beach, FL","43,575","45,174","47,194",262,3.7,4.5,332
"Denver-Aurora-Lakewood, CO","64,114","67,089","69,822",19,4.6,4.1,345
"Des Moines-West Des Moines, IA","53,814","55,065","58,076",83,2.3,5.5,279
"Detroit-Warren-Dearborn, MI","52,469","54,213","58,356",81,3.3,7.6,111
"Dothan, AL","41,141","42,857","45,349",297,4.2,5.8,249
"Dover, DE","42,155","43,761","46,600",273,3.8,6.5,199
"Dubuque, IA","49,703","51,329","54,751",124,3.3,6.7,188
"Duluth, MN-WI","45,717","47,150","49,785",209,3.1,5.6,269
"Durham-Chapel Hill, NC","52,243","54,408","56,703",95,4.1,4.2,340
"East Stroudsburg, PA","42,708","44,150","48,409",233,3.4,9.6,36
"Eau Claire, WI","47,300","48,822","51,569",171,3.2,5.6,262
"El Centro, CA","35,331","37,196","44,500",315,5.3,19.6,1
"Elizabethtown-Fort Knox, KY","41,440","43,331","46,770",269,4.6,7.9,94
"Elkhart-Goshen, IN","46,541","46,845","49,875",204,0.7,6.5,202
"Elmira, NY","43,941","45,658","49,439",215,3.9,8.3,79
"El Paso, TX","36,347","38,681","41,732",356,6.4,7.9,99
"Enid, OK","44,288","45,053","46,702",270,1.7,3.7,351
"Erie, PA","44,740","46,259","50,536",190,3.4,9.2,43
"Eugene-Springfield, OR","44,957","45,960","49,583",211,2.2,7.9,102
"Evansville, IN-KY","46,925","49,168","51,695",169,4.8,5.1,292
"Fairbanks, AK","56,888","59,194","62,254",46,4.1,5.2,290
"Fargo, ND-MN","53,618","55,292","58,158",82,3.1,5.2,288
"Farmington, NM","35,408","36,095","38,370",377,1.9,6.3,217
"Fayetteville, NC","36,324","38,060","40,972",363,4.8,7.7,110
"Fayetteville-Springdale-Rogers, AR","67,281","68,808","70,085",17,2.3,1.9,376
"Flagstaff, AZ","48,416","48,837","53,036",142,0.9,8.6,60
"Flint, MI","40,495","41,940","46,152",284,3.6,10.0,32
"Florence, SC","40,184","42,238","45,178",301,5.1,7.0,160
"Florence-Muscle Shoals, AL","37,042","38,405","41,181",361,3.7,7.2,138
"Fond du Lac, WI","48,245","49,922","52,813",144,3.5,5.8,252
"Fort Collins, CO","53,836","55,935","58,725",75,3.9,5.0,302
"Fort Smith, AR-OK","37,211","38,666","40,801",365,3.9,5.5,274
"Fort Wayne, IN","46,551","47,762","50,238",196,2.6,5.2,287
"Fresno, CA","41,248","43,019","48,495",231,4.3,12.7,12
"Gadsden, AL","36,583","37,700","39,852",374,3.1,5.7,256
"Gainesville, FL","43,026","44,734","47,729",251,4.0,6.7,184
"Gainesville, GA","44,831","46,409","48,759",225,3.5,5.1,297
"Gettysburg, PA","48,826","50,785","54,172",131,4.0,6.7,187
"Glens Falls, NY","46,461","48,527","53,074",140,4.4,9.4,40
"Goldsboro, NC","38,115","40,116","42,882",341,5.2,6.9,164
"Grand Forks, ND-MN","49,813","51,429","57,102",92,3.2,11.0,21
"Grand Island, NE","43,165","44,836","48,375",234,3.9,7.9,98
"Grand Junction, CO","44,691","45,898","48,435",232,2.7,5.5,273
"Grand Rapids-Kentwood, MI","49,040","50,474","54,037",133,2.9,7.1,153
"Grants Pass, OR","40,980","43,694","46,913",267,6.6,7.4,130
"Great Falls, MT","47,529","49,201","52,226",157,3.5,6.1,223
"Greeley, CO","47,884","48,923","52,054",160,2.2,6.4,208
"Green Bay, WI","51,276","52,453","55,159",115,2.3,5.2,291
"Greensboro-High Point, NC","42,745","44,456","47,171",263,4.0,6.1,227
"Greenville, NC","41,163","42,882","45,169",302,4.2,5.3,283
"Greenville-Anderson, SC","44,160","45,505","47,836",246,3.0,5.1,294
"Gulfport-Biloxi, MS","36,703","37,983","41,111",362,3.5,8.2,81
"Hagerstown-Martinsburg, MD-WV","43,505","44,637","47,759",250,2.6,7.0,157
"Hammond, LA","37,928","38,963","41,792",353,2.7,7.3,136
"Hanford-Corcoran, CA","35,267","36,442","41,829",351,3.3,14.8,7
"Harrisburg-Carlisle, PA","52,270","54,304","58,372",80,3.9,7.5,122
"Harrisonburg, VA","39,471","40,413","43,232",336,2.4,7.0,158
"Hartford-East Hartford-Middletown, CT","62,445","64,101","67,343",27,2.7,5.1,298
"Hattiesburg, MS","38,334","39,076","41,779",354,1.9,6.9,163
"Hickory-Lenoir-Morganton, NC","39,205","40,607","43,496",333,3.6,7.1,146
"Hilton Head Island-Bluffton, SC","52,973","55,636","57,565",89,5.0,3.5,358
"Hinesville, GA","34,575","34,832","37,578",379,0.7,7.9,101
"Homosassa Springs, FL","38,263","39,701","41,933",350,3.8,5.6,263
"Hot Springs, AR","40,053","41,502","44,358",319,3.6,6.9,167
"Houma-Thibodaux, LA","42,818","44,110","47,259",260,3.0,7.1,145
"Houston-The Woodlands-Sugar Land, TX","57,875","58,884","59,893",68,1.7,1.7,377
"Huntington-Ashland, WV-KY-OH","40,335","41,287","44,423",317,2.4,7.6,115
"Huntsville, AL","50,044","52,208","55,126",116,4.3,5.6,268
"Idaho Falls, ID","45,205","49,578","51,729",168,9.7,4.3,335
"Indianapolis-Carmel-Anderson, IN","54,874","57,629","60,431",66,5.0,4.9,309
"Iowa City, IA","54,289","55,538","56,947",94,2.3,2.5,369
"Ithaca, NY","44,692","46,052","49,486",213,3.0,7.5,124
"Jackson, MI","39,359","40,413","44,889",306,2.7,11.1,20
"Jackson, MS","43,423","44,794","47,992",243,3.2,7.1,144
"Jackson, TN","39,585","41,503","44,123",322,4.8,6.3,215
"Jacksonville, FL","50,411","52,184","55,125",117,3.5,5.6,261
"Jacksonville, NC","40,077","40,671","43,122",338,1.5,6.0,232
"Janesville-Beloit, WI","43,868","46,018","48,836",224,4.9,6.1,225
"Jefferson City, MO","42,101","44,548","47,827",247,5.8,7.4,131
"Johnson City, TN","39,978","41,519","44,020",324,3.9,6.0,233
"Johnstown, PA","43,050","44,620","48,637",229,3.6,9.0,47
"Jonesboro, AR","36,294","37,719","40,140",371,3.9,6.4,206
"Joplin, MO","40,371","40,691","42,255",347,0.8,3.8,348
"Kahului-Wailuku-Lahaina, HI","47,886","50,536","51,838",164,5.5,2.6,368
"Kalamazoo-Portage, MI","47,968","49,305","52,403",151,2.8,6.3,218
"Kankakee, IL","41,173","42,857","46,988",265,4.1,9.6,37
"Kansas City, MO-KS","53,688","55,691","58,057",85,3.7,4.2,339
"Kennewick-Richland, WA","43,203","45,361","49,042",219,5.0,8.1,88
"Killeen-Temple, TX","42,169","43,033","45,574",291,2.0,5.9,239
"Kingsport-Bristol, TN-VA","39,689","40,540","42,869",342,2.1,5.7,254
"Kingston, NY","50,378","52,554","56,071",102,4.3,6.7,185
"Knoxville, TN","46,341","48,179","50,540",189,4.0,4.9,308
"Kokomo, IN","41,689","42,409","44,945",304,1.7,6.0,234
"La Crosse-Onalaska, WI-MN","49,888","52,084","54,656",126,4.4,4.9,304
"Lafayette, LA","43,657","44,556","47,553",254,2.1,6.7,179
"Lafayette-West Lafayette, IN","39,453","40,106","42,467",346,1.7,5.9,240
"Lake Charles, LA","48,516","49,517","50,935",182,2.1,2.9,366
"Lake Havasu City-Kingman, AZ","33,083","34,274","36,529",381,3.6,6.6,195
"Lakeland-Winter Haven, FL","36,048","37,183","39,760",375,3.1,6.9,161
"Lancaster, PA","52,682","54,529","58,434",79,3.5,7.2,142
"Lansing-East Lansing, MI","41,190","42,535","46,323",281,3.3,8.9,51
"Laredo, TX","31,907","33,305","35,626",382,4.4,7.0,159
"Las Cruces, NM","35,805","37,413","40,218",369,4.5,7.5,120
"Las Vegas-Henderson-Paradise, NV","47,184","49,225","51,244",175,4.3,4.1,344
"Lawrence, KS","43,888","45,174","47,494",255,2.9,5.1,293
"Lawton, OK","41,236","42,700","45,538",292,3.6,6.6,190
"Lebanon, PA","47,772","49,099","52,743",147,2.8,7.4,128
"Lewiston, ID-WA","44,434","46,255","50,092",199,4.1,8.3,76
"Lewiston-Auburn, ME","40,869","42,698","46,357",279,4.5,8.6,61
"Lexington-Fayette, KY","47,827","49,814","52,559",150,4.2,5.5,276
"Lima, OH","42,427","43,268","46,500",277,2.0,7.5,123
"Lincoln, NE","49,479","50,565","53,057",141,2.2,4.9,306
"Little Rock-North Little Rock-Conway, AR","45,563","47,032","49,837",207,3.2,6.0,236
"Logan, UT-ID","39,190","41,538","44,508",314,6.0,7.2,143
"Longview, TX","42,174","43,575","45,075",303,3.3,3.4,360
"Longview, WA","43,407","45,124","48,232",236,4.0,6.9,166
"Los Angeles-Long Beach-Anaheim, CA","61,594","64,705","69,805",20,5.1,7.9,103
"Louisville/Jefferson County, KY-IN","50,313","52,288","55,676",110,3.9,6.5,200
"Lubbock, TX","43,189","44,706","46,297",282,3.5,3.6,355
"Lynchburg, VA","39,668","40,521","43,529",332,2.2,7.4,127
"Macon-Bibb County, GA","40,191","41,402","44,520",313,3.0,7.5,118
"Madera, CA","37,373","38,751","44,532",312,3.7,14.9,6
"Madison, WI","59,266","61,743","64,280",37,4.2,4.1,343
"Manchester-Nashua, NH","60,760","62,752","66,548",31,3.3,6.0,230
"Manhattan, KS","45,802","47,291","49,865",205,3.3,5.4,280
"Mankato, MN","46,008","46,951","50,562",188,2.0,7.7,108
"Mansfield, OH","39,173","40,313","43,928",327,2.9,9.0,49
"McAllen-Edinburg-Mission, TX","27,007","28,091","31,153",384,4.0,10.9,23
"Medford, OR","45,903","47,708","51,824",165,3.9,8.6,58
"Memphis, TN-MS-AR","46,481","47,904","51,155",178,3.1,6.8,176
"Merced, CA","37,193","37,952","43,914",328,2.0,15.7,4
"Miami-Fort Lauderdale-Pompano Beach, FL","59,189","61,362","64,190",38,3.7,4.6,320
"Michigan City-La Porte, IN","42,248","43,065","46,274",283,1.9,7.5,125
"Midland, MI","53,973","54,477","57,561",90,0.9,5.7,260
"Midland, TX","130,647","135,900","124,667",1,4.0,-8.3,384
"Milwaukee-Waukesha, WI","56,253","57,860","60,499",65,2.9,4.6,326
"Minneapolis-St. Paul-Bloomington, MN-WI","62,695","64,270","67,214",28,2.5,4.6,323
"Missoula, MT","49,616","51,738","54,353",129,4.3,5.1,299
"Mobile, AL","38,119","39,910","42,731",344,4.7,7.1,150
"Modesto, CA","41,850","43,402","48,954",221,3.7,12.8,11
"Monroe, LA","40,581","41,691","45,252",299,2.7,8.5,64
"Monroe, MI","47,091","48,696","52,028",161,3.4,6.8,171
"Montgomery, AL","43,156","44,473","47,446",256,3.1,6.7,186
"Morgantown, WV","43,856","44,753","46,841",268,2.0,4.7,317
"Morristown, TN","36,379","37,563","40,061",372,3.3,6.7,189
"Mount Vernon-Anacortes, WA","50,703","53,221","57,315",91,5.0,7.7,107
"Muncie, IN","36,727","38,153","40,948",364,3.9,7.3,134
"Muskegon, MI","38,141","39,769","44,000",325,4.3,10.6,25
"Myrtle Beach-Conway-North Myrtle Beach, SC-NC","39,867","41,213","43,477",334,3.4,5.5,277
"Napa, CA","70,161","73,886","82,408",8,5.3,11.5,17
"Naples-Marco Island, FL","99,997","103,205","103,865",5,3.2,0.6,381
"Nashville-Davidson--Murfreesboro--Franklin, TN","59,105","61,516","62,076",47,4.1,0.9,380
"New Bern, NC","41,910","44,765","48,121",240,6.8,7.5,121
"New Haven-Milford, CT","54,773","56,710","60,092",67,3.5,6.0,237
"New Orleans-Metairie, LA","52,574","54,660","57,891",87,4.0,5.9,238
"New York-Newark-Jersey City, NY-NJ-PA","75,166","77,911","82,322",9,3.7,5.7,259
"Niles, MI","47,325","48,231","52,395",152,1.9,8.6,57
"North Port-Sarasota-Bradenton, FL","58,060","59,917","61,988",48,3.2,3.5,359
"Norwich-New London, CT","56,567","58,122","61,191",57,2.7,5.3,284
"Ocala, FL","37,497","38,754","41,553",358,3.4,7.2,139
"Ocean City, NJ","60,246","63,203","67,836",24,4.9,7.3,133
"Odessa, TX","49,458","52,079","49,887",203,5.3,-4.2,383
"Ogden-Clearfield, UT","43,682","46,201","49,371",216,5.8,6.9,170
"Oklahoma City, OK","48,300","51,408","52,688",149,6.4,2.5,371
"Olympia-Lacey-Tumwater, WA","49,483","52,010","56,007",103,5.1,7.7,109
"Omaha-Council Bluffs, NE-IA","57,457","58,368","61,040",60,1.6,4.6,324
"Orlando-Kissimmee-Sanford, FL","43,970","45,718","48,223",237,4.0,5.5,278
"Oshkosh-Neenah, WI","47,644","48,943","50,840",184,2.7,3.9,347
"Owensboro, KY","40,785","42,380","45,684",289,3.9,7.8,106
"Oxnard-Thousand Oaks-Ventura, CA","60,238","63,190","67,422",26,4.9,6.7,183
"Palm Bay-Melbourne-Titusville, FL","46,145","48,539","51,507",172,5.2,6.1,226
"Panama City, FL","43,020","46,818","50,696",186,8.8,8.3,78
"Parkersburg-Vienna, WV","43,479","45,758","47,706",252,5.2,4.3,337
"Pensacola-Ferry Pass-Brent, FL","43,699","45,259","48,154",238,3.6,6.4,209
"Peoria, IL","48,056","48,746","52,742",148,1.4,8.2,83
"Philadelphia-Camden-Wilmington, PA-NJ-DE-MD","64,053","65,733","69,705",21,2.6,6.0,231
"Phoenix-Mesa-Chandler, AZ","46,140","48,082","51,851",163,4.2,7.8,104
"Pine Bluff, AR","33,869","35,151","37,962",378,3.8,8.0,91
"Pittsburgh, PA","58,000","59,494","63,675",39,2.6,7.0,155
"Pittsfield, MA","55,947","57,300","61,872",49,2.4,8.0,92
"Pocatello, ID","37,248","38,901","42,186",348,4.4,8.4,67
"Portland-South Portland, ME","57,732","59,724","63,497",41,3.5,6.3,214
"Portland-Vancouver-Hillsboro, OR-WA","56,762","58,941","62,603",44,3.8,6.2,221
"Port St. Lucie, FL","54,988","56,602","58,649",78,2.9,3.6,353
"Poughkeepsie-Newburgh-Middletown, NY","53,225","55,508","59,690",70,4.3,7.5,116
"Prescott Valley-Prescott, AZ","40,098","41,076","44,490",316,2.4,8.3,75
"Providence-Warwick, RI-MA","53,771","56,197","60,897",61,4.5,8.4,72
"Provo-Orem, UT","40,896","43,520","46,393",278,6.4,6.6,191
"Pueblo, CO","37,969","39,533","43,196",337,4.1,9.3,41
"Punta Gorda, FL","42,292","43,549","45,606",290,3.0,4.7,314
"Racine, WI","49,191","50,729","53,094",139,3.1,4.7,318
"Raleigh-Cary, NC","56,139","58,147","60,884",62,3.6,4.7,315
"Rapid City, SD","50,230","52,133","55,187",114,3.8,5.9,244
"Reading, PA","49,549","51,606","55,953",105,4.2,8.4,69
"Redding, CA","44,549","46,417","51,649",170,4.2,11.3,19
"Reno, NV","61,005","62,954","66,075",33,3.2,5.0,303
"Richmond, VA","56,101","58,111","61,148",58,3.6,5.2,286
"Riverside-San Bernardino-Ontario, CA","39,403","40,988","45,365",295,4.0,10.7,24
"Roanoke, VA","46,032","46,891","50,215",197,1.9,7.1,148
"Rochester, MN","54,635","55,770","59,842",69,2.1,7.3,135
"Rochester, NY","50,554","52,480","56,477",99,3.8,7.6,114
"Rockford, IL","43,824","44,621","47,982",244,1.8,7.5,117
"Rocky Mount, NC","39,030","40,816","43,623",331,4.6,6.9,168
"Rome, GA","37,593","38,630","41,238",360,2.8,6.8,177
"Sacramento-Roseville-Folsom, CA","54,832","57,014","61,852",50,4.0,8.5,66
"Saginaw, MI","39,289","41,659","45,328",298,6.0,8.8,53
"St. Cloud, MN","45,837","47,119","50,850",183,2.8,7.9,96
"St. George, UT","39,964","41,869","43,782",329,4.8,4.6,325
"St. Joseph, MO-KS","38,098","40,709","43,061",339,6.9,5.8,253
"St. Louis, MO-IL","55,533","57,615","60,844",63,3.7,5.6,266
"Salem, OR","42,119","44,118","47,638",253,4.7,8.0,93
"Salinas, CA","53,625","56,545","61,510",54,5.4,8.8,54
"Salisbury, MD-DE","48,086","49,074","51,228",176,2.1,4.4,333
"Salt Lake City, UT","51,253","54,456","58,008",86,6.2,6.5,197
"San Angelo, TX","48,865","51,990","53,305",138,6.4,2.5,370
"San Antonio-New Braunfels, TX","48,192","48,025","50,022",200,-0.3,4.2,342
"San Diego-Chula Vista-Carlsbad, CA","58,719","60,845","66,266",32,3.6,8.9,50
"San Francisco-Oakland-Berkeley, CA","97,681","102,406","111,050",4,4.8,8.4,68
"San Jose-Sunnyvale-Santa Clara, CA","106,568","112,693","121,619",2,5.7,7.9,95
"San Luis Obispo-Paso Robles, CA","55,913","58,693","62,342",45,5.0,6.2,220
"Santa Cruz-Watsonville, CA","65,751","68,990","75,957",14,4.9,10.1,29
"Santa Fe, NM","58,525","60,301","63,004",42,3.0,4.5,331
"Santa Maria-Santa Barbara, CA","60,818","62,715","67,879",23,3.1,8.2,82
"Santa Rosa-Petaluma, CA","61,501","64,869","71,386",16,5.5,10.0,31
"Savannah, GA","46,990","47,964","51,184",177,2.1,6.7,182
"Scranton--Wilkes-Barre, PA","45,522","46,925","51,246",174,3.1,9.2,44
"Seattle-Tacoma-Bellevue, WA","72,685","75,970","80,420",10,4.5,5.9,245
"Sebastian-Vero Beach, FL","79,972","83,241","84,607",7,4.1,1.6,378
"Sebring-Avon Park, FL","33,047","34,433","37,158",380,4.2,7.9,97
"Sheboygan, WI","52,880","53,217","55,616",111,0.6,4.5,330
"Sherman-Denison, TX","43,052","44,585","47,045",264,3.6,5.5,275
"Shreveport-Bossier City, LA","46,853","48,256","52,391",153,3.0,8.6,62
"Sierra Vista-Douglas, AZ","38,892","40,546","45,786",288,4.3,12.9,10
"Sioux City, IA-NE-SD","50,677","52,855","56,131",101,4.3,6.2,222
"Sioux Falls, SD","60,254","64,219","67,117",29,6.6,4.5,329
"South Bend-Mishawaka, IN-MI","47,206","47,759","51,017",180,1.2,6.8,174
"Spartanburg, SC","42,669","44,151","46,543",275,3.5,5.4,281
"Spokane-Spokane Valley, WA","44,631","46,337","49,449",214,3.8,6.7,181
"Springfield, IL","47,642","49,212","52,782",146,3.3,7.3,137
"Springfield, MA","51,697","53,413","57,843",88,3.3,8.3,77
"Springfield, MO","41,339","42,993","44,565",310,4.0,3.7,352
"Springfield, OH","40,263","41,625","45,363",296,3.4,9.0,48
"State College, PA","46,210","47,947","50,615",187,3.8,5.6,271
"Staunton, VA","43,388","44,917","47,794",248,3.5,6.4,207
"Stockton, CA","43,077","45,075","51,816",166,4.6,15.0,5
"Sumter, SC","37,440","38,573","41,807",352,3.0,8.4,71
"Syracuse, NY","49,369","51,181","55,563",112,3.7,8.6,63
"Tallahassee, FL","42,507","44,003","46,685",271,3.5,6.1,228
"Tampa-St. Petersburg-Clearwater, FL","47,362","49,186","52,291",156,3.9,6.3,216
"Terre Haute, IN","37,284","38,502","41,658",357,3.3,8.2,84
"Texarkana, TX-AR","37,667","38,802","41,516",359,3.0,7.0,156
"The Villages, FL","48,902","53,411","54,533",128,9.2,2.1,374
"Toledo, OH","46,790","48,252","51,408",173,3.1,6.5,196
"Topeka, KS","46,180","47,253","50,479",191,2.3,6.8,173
"Trenton-Princeton, NJ","68,052","70,675","74,218",15,3.9,5.0,301
"Tucson, AZ","43,103","44,649","48,373",235,3.6,8.3,73
"Tulsa, OK","55,350","56,680","58,071",84,2.4,2.5,372
"Tuscaloosa, AL","38,107","39,482","42,084",349,3.6,6.6,193
"Twin Falls, ID","38,784","40,414","43,725",330,4.2,8.2,85
"Tyler, TX","56,084","55,986","57,076",93,-0.2,1.9,375
"Urban Honolulu, HI","57,468","59,329","62,793",43,3.2,5.8,247
"Utica-Rome, NY","43,255","45,855","49,581",212,6.0,8.1,87
"Valdosta, GA","35,953","37,045","40,046",373,3.0,8.1,89
"Vallejo, CA","49,336","51,889","58,688",76,5.2,13.1,8
"Victoria, TX","47,647","52,268","53,547",136,9.7,2.4,373
"Vineland-Bridgeton, NJ","39,448","41,327","45,498",293,4.8,10.1,30
"Virginia Beach-Norfolk-Newport News, VA-NC","48,322","49,792","53,310",137,3.0,7.1,152
"Visalia, CA","38,613","40,040","46,348",280,3.7,15.8,3
"Waco, TX","41,319","42,274","45,403",294,2.3,7.4,129
"Walla Walla, WA","44,521","46,648","51,767",167,4.8,11.0,22
"Warner Robins, GA","41,902","43,109","45,888",286,2.9,6.4,204
"Washington-Arlington-Alexandria, DC-VA-MD-WV","71,615","73,059","76,771",13,2.0,5.1,296
"Waterloo-Cedar Falls, IA","46,002","46,971","50,126",198,2.1,6.7,180
"Watertown-Fort Drum, NY","46,375","48,896","53,964",134,5.4,10.4,27
"Wausau-Weston, WI","49,489","51,329","54,305",130,3.7,5.8,251
"Weirton-Steubenville, WV-OH","40,431","42,338","46,007",285,4.7,8.7,56
"Wenatchee, WA","48,047","50,227","55,047",120,4.5,9.6,38
"Wheeling, WV-OH","48,907","47,341","48,947",223,-3.2,3.4,362
"Wichita, KS","50,308","52,706","55,000",121,4.8,4.4,334
"Wichita Falls, TX","43,262","44,754","46,954",266,3.4,4.9,307
"Williamsport, PA","43,070","44,688","48,721",228,3.8,9.0,46
"Wilmington, NC","44,226","46,620","48,744",227,5.4,4.6,327
"Winchester, VA-WV","47,879","49,538","52,377",154,3.5,5.7,255
"Winston-Salem, NC","43,881","45,600","48,151",239,3.9,5.6,267
"Worcester, MA-CT","54,581","56,846","61,741",52,4.1,8.6,59
"Yakima, WA","41,740","43,910","49,099",218,5.2,11.8,15
"York-Hanover, PA","50,069","52,015","55,761",109,3.9,7.2,140
"Youngstown-Warren-Boardman, OH-PA","42,094","43,047","46,635",272,2.3,8.3,74
"Yuba City, CA","41,937","43,411","48,752",226,3.5,12.3,13
"Yuma, AZ","33,672","35,065","40,800",366,4.1,16.4,2
